{
  "1_sanity_synthetic": {
    "p": [
      0.0,
      0.01,
      0.05,
      0.1
    ],
    "rho1_polycca": [
      0.0,
      0.0,
      0.0,
      0.0
    ],
    "f1_polycca": [
      0.3333333333333333,
      0.3333333333333333,
      0.3333333333333333,
      0.3333333333333333
    ],
    "f1_baseline": [
      0.3333333333333333,
      0.3333333333333333,
      0.3333333333333333,
      0.3333333333333333
    ],
    "delta_polycca": [
      0.0,
      0.0,
      0.0,
      0.0
    ],
    "delta_baseline": [
      0.0,
      0.0,
      0.0,
      0.0
    ]
  },
  "2_noise_robustness": {
    "poly_cca": {
      "p=0.0": 0.3333333333333333,
      "p=0.05": 0.3333333333333333,
      "p=0.1": 0.3333333333333333,
      "p=0.15": 0.3333333333333333,
      "Delta(p=0.05)": 0.0,
      "Delta(p=0.1)": 0.0,
      "Delta(p=0.15)": 0.0
    },
    "mg_tcca": {
      "p=0.0": 0.3333333333333333,
      "p=0.05": 0.3333333333333333,
      "p=0.1": 0.3333333333333333,
      "p=0.15": 0.3333333333333333,
      "Delta(p=0.05)": 0.0,
      "Delta(p=0.1)": 0.0,
      "Delta(p=0.15)": 0.0
    },
    "baseline_lr": {
      "p=0.0": 0.3333333333333333,
      "p=0.05": 0.3333333333333333,
      "p=0.1": 0.3333333333333333,
      "p=0.15": 0.3333333333333333,
      "Delta(p=p=0.05)": 0.0,
      "Delta(p=p=0.1)": 0.0,
      "Delta(p=p=0.15)": 0.0
    }
  },
  "3_indel_extrapolation": {
    "f1_polycca": 0.3333333333333333,
    "f1_baseline": 0.3333333333333333,
    "rho1": 0.0
  },
  "4_multigroup_advantage": {
    "f1_mg_tcca": 0.3333333333333333,
    "f1_poly_cca_extremes": 0.3333333333333333,
    "rho1_mg": 0.0,
    "rho1_single": 0.0
  },
  "5_degree_ablation": {
    "LR k=3 d=1": {
      "mean_f1": 0.3247311827956989,
      "std_f1": 0.004301075268817201
    },
    "LR k=3 d=2": {
      "mean_f1": 0.3247311827956989,
      "std_f1": 0.004301075268817201
    }
  },
  "6_kmer_scan": {
    "LR k=2 d=1": {
      "mean_f1": 0.3247311827956989,
      "std_f1": 0.004301075268817201
    },
    "LR k=3 d=1": {
      "mean_f1": 0.3247311827956989,
      "std_f1": 0.004301075268817201
    },
    "LR k=4 d=1": {
      "mean_f1": 0.3247311827956989,
      "std_f1": 0.004301075268817201
    }
  },
  "7_sample_size_polycca": {
    "frac=0.1": 0.3488095238095238,
    "frac=0.3": 0.3573122529644269,
    "frac=0.5": 0.3405405405405405,
    "frac=1.0": 0.3333333333333333
  },
  "7_sample_size_mgtcca": {
    "frac=0.1": 0.3488095238095238,
    "frac=0.3": 0.3573122529644269,
    "frac=0.5": 0.3405405405405405,
    "frac=1.0": 0.3333333333333333
  },
  "9_classifier_invariance": {
    "f1_lr": 0.3333333333333333,
    "f1_linear_svm": 0.3333333333333333,
    "rho1": 0.0
  },
  "10_motif_attribution": [
    {
      "kmer": "AAA",
      "weight_abs": 31.622776601683793
    },
    {
      "kmer": "AAC",
      "weight_abs": 0.0
    },
    {
      "kmer": "AAG",
      "weight_abs": 0.0
    },
    {
      "kmer": "AAT",
      "weight_abs": 0.0
    },
    {
      "kmer": "ACA",
      "weight_abs": 0.0
    },
    {
      "kmer": "ACC",
      "weight_abs": 0.0
    },
    {
      "kmer": "ACG",
      "weight_abs": 0.0
    },
    {
      "kmer": "ACT",
      "weight_abs": 0.0
    },
    {
      "kmer": "AGA",
      "weight_abs": 0.0
    },
    {
      "kmer": "AGC",
      "weight_abs": 0.0
    }
  ],
  "11_kernel_subset": {
    "f1_lr": 0.344,
    "f1_rbf": 0.344
  },
  "14_reg_sensitivity": {
    "reg=1e-05": 0.3333333333333333,
    "reg=0.0001": 0.3333333333333333,
    "reg=0.001": 0.3333333333333333,
    "reg=0.01": 0.3333333333333333
  },
  "15_real_noise_fit": {
    "p": [
      0.0,
      0.02,
      0.05,
      0.1
    ],
    "observed_f1": [
      0.3333333333333333,
      0.3333333333333333,
      0.3333333333333333,
      0.3333333333333333
    ],
    "theory_f1": [
      0.3333333333333333,
      0.3137306666666666,
      0.2857916666666666,
      0.24300000000000002
    ]
  }
}